package	statements	covered_statements	pct	files	files_touched
bytes	988	372	37.7	4	3
compress/flate	3340	1354	40.5	14	9
compress/zlib	136	75	55.1	2	2
crypto/sha256	22	4	18.2	1	1
encoding/base64	291	120	41.2	1	1
encoding/hex	163	10	6.1	1	1
encoding/json	354	43	12.1	7	6
fmt	1571	380	24.2	4	3
github.com/alecthomas/chroma/v2	1329	177	13.3	15	11
github.com/alecthomas/chroma/v2/formatters/html	325	0	0.0	1	0
github.com/alecthomas/chroma/v2/lexers	885	15	1.7	15	5
github.com/alecthomas/chroma/v2/styles	29	15	51.7	1	1
github.com/armon/go-radix	281	178	63.3	1	1
github.com/bep/clocks	15	2	13.3	1	1
github.com/bep/gitmap	95	2	2.1	1	1
github.com/bep/golibsass/internal/libsass	131	107	81.7	2	2
github.com/bep/golibsass/libsass	65	55	84.6	1	1
github.com/bep/golibsass/libsass/libsasserrors	3	0	0.0	1	0
github.com/bep/gowebp/internal/libwebp	52	36	69.2	1	1
github.com/bep/gowebp/libwebp	1	1	100.0	1	1
github.com/bep/imagemeta	1261	39	3.1	13	3
github.com/bep/lazycache	122	92	75.4	1	1
github.com/bep/logg	131	27	20.6	5	2
github.com/bep/overlayfs	233	61	26.2	3	3
github.com/bep/simplecobra	97	67	69.1	1	1
github.com/clbanning/mxj/v2	2220	0	0.0	21	0
github.com/disintegration/gift	1912	408	21.3	9	5
github.com/evanw/esbuild/pkg/api	2141	443	20.7	5	2
github.com/gobuffalo/flect	335	172	51.3	17	10
github.com/gobwas/glob	23	5	21.7	1	1
github.com/gobwas/glob/compiler	310	194	62.6	1	1
github.com/gobwas/glob/match	518	94	18.1	21	8
github.com/gobwas/glob/syntax	2	1	50.0	1	1
github.com/gobwas/glob/syntax/ast	128	58	45.3	2	2
github.com/gobwas/glob/syntax/lexer	147	84	57.1	2	1
github.com/gobwas/glob/util/runes	69	8	11.6	1	1
github.com/gobwas/glob/util/strings	18	3	16.7	1	1
github.com/gohugoio/go-i18n/v2/i18n	316	160	50.6	6	5
github.com/gohugoio/go-i18n/v2/internal	18	15	83.3	1	1
github.com/gohugoio/go-i18n/v2/internal/plural	319	59	18.5	4	3
github.com/gohugoio/hashstructure	217	154	71.0	2	1
github.com/gohugoio/httpcache	277	26	9.4	1	1
github.com/gohugoio/hugo-goldmark-extensions/extras	57	7	12.3	2	1
github.com/gohugoio/hugo-goldmark-extensions/passthrough	164	0	0.0	1	0
github.com/gohugoio/locales	44	0	0.0	1	0
github.com/gohugoio/localescompressed	16487	799	4.8	3	3
github.com/jdkato/prose/internal/util	42	4	9.5	1	1
github.com/jdkato/prose/transform	54	19	35.2	2	1
github.com/kyokomi/emoji/v2	56	0	0.0	2	0
github.com/makeworld-the-better-one/dither/v2	429	0	0.0	6	0
github.com/marekm4/color-extractor	58	0	0.0	1	0
github.com/mitchellh/mapstructure	942	310	32.9	3	1
github.com/muesli/smartcrop	477	0	0.0	2	0
github.com/neohugo/neohugo	4	3	75.0	1	1
github.com/neohugo/neohugo/bufferpool	4	4	100.0	1	1
github.com/neohugo/neohugo/cache/dynacache	284	162	57.0	1	1
github.com/neohugo/neohugo/cache/filecache	472	167	35.4	3	2
github.com/neohugo/neohugo/cache/httpcache	72	31	43.1	1	1
github.com/neohugo/neohugo/commands	3386	1139	33.6	16	16
github.com/neohugo/neohugo/common/collections	150	57	38.0	3	3
github.com/neohugo/neohugo/common/constants	2	0	0.0	1	0
github.com/neohugo/neohugo/common/hashing	68	50	73.5	1	1
github.com/neohugo/neohugo/common/hcontext	6	6	100.0	1	1
github.com/neohugo/neohugo/common/herrors	309	6	1.9	4	2
github.com/neohugo/neohugo/common/hexec	147	88	59.9	1	1
github.com/neohugo/neohugo/common/hreflect	103	54	52.4	1	1
github.com/neohugo/neohugo/common/hstrings	33	0	0.0	1	0
github.com/neohugo/neohugo/common/htime	44	25	56.8	1	1
github.com/neohugo/neohugo/common/hugio	104	41	39.4	4	3
github.com/neohugo/neohugo/common/loggers	255	89	34.9	5	4
github.com/neohugo/neohugo/common/maps	475	242	50.9	5	5
github.com/neohugo/neohugo/common/math	72	18	25.0	1	1
github.com/neohugo/neohugo/common/neohugo	268	92	34.3	2	2
github.com/neohugo/neohugo/common/para	9	8	88.9	1	1
github.com/neohugo/neohugo/common/paths	614	391	63.7	4	3
github.com/neohugo/neohugo/common/predicate	27	17	63.0	1	1
github.com/neohugo/neohugo/common/rungroup	27	22	81.5	1	1
github.com/neohugo/neohugo/common/tasks	60	0	0.0	1	0
github.com/neohugo/neohugo/common/terminal	12	4	33.3	1	1
github.com/neohugo/neohugo/common/text	61	19	31.1	2	1
github.com/neohugo/neohugo/common/types	124	33	26.6	4	3
github.com/neohugo/neohugo/common/types/hstring	2	2	100.0	1	1
github.com/neohugo/neohugo/common/urls	56	21	37.5	1	1
github.com/neohugo/neohugo/compare	57	35	61.4	2	2
github.com/neohugo/neohugo/config	532	253	47.6	6	5
github.com/neohugo/neohugo/config/allconfig	1081	792	73.3	5	5
github.com/neohugo/neohugo/config/privacy	11	2	18.2	1	1
github.com/neohugo/neohugo/config/security	104	41	39.4	2	2
github.com/neohugo/neohugo/config/services	17	16	94.1	1	1
github.com/neohugo/neohugo/config/testconfig	34	0	0.0	1	0
github.com/neohugo/neohugo/create	227	0	0.0	1	0
github.com/neohugo/neohugo/create/skeletons	76	0	0.0	1	0
github.com/neohugo/neohugo/deploy	417	0	0.0	3	0
github.com/neohugo/neohugo/deploy/deployconfig	38	5	13.2	1	1
github.com/neohugo/neohugo/deps	147	118	80.3	1	1
github.com/neohugo/neohugo/docshelper	11	1	9.1	1	1
github.com/neohugo/neohugo/helpers	710	275	38.7	8	7
github.com/neohugo/neohugo/htesting	58	2	3.4	1	1
github.com/neohugo/neohugo/hugofs	1297	716	55.2	15	7
github.com/neohugo/neohugo/hugofs/files	11	8	72.7	1	1
github.com/neohugo/neohugo/hugofs/glob	173	21	12.1	2	1
github.com/neohugo/neohugo/hugolib	7316	3402	46.5	36	27
github.com/neohugo/neohugo/hugolib/doctree	370	196	53.0	5	5
github.com/neohugo/neohugo/hugolib/filesystems	463	297	64.1	1	1
github.com/neohugo/neohugo/hugolib/pagesfromdata	115	0	0.0	1	0
github.com/neohugo/neohugo/hugolib/paths	38	24	63.2	1	1
github.com/neohugo/neohugo/hugolib/segments	110	25	22.7	1	1
github.com/neohugo/neohugo/identity	374	4	1.1	4	1
github.com/neohugo/neohugo/internal/js/esbuild	1063	156	14.7	5	5
github.com/neohugo/neohugo/internal/warpc	241	10	4.1	1	1
github.com/neohugo/neohugo/langs	57	43	75.4	2	2
github.com/neohugo/neohugo/langs/i18n	161	97	60.2	2	2
github.com/neohugo/neohugo/lazy	106	68	64.2	2	2
github.com/neohugo/neohugo/livereload	67	0	0.0	3	0
github.com/neohugo/neohugo/markup	66	51	77.3	1	1
github.com/neohugo/neohugo/markup/asciidocext	8	1	12.5	1	1
github.com/neohugo/neohugo/markup/asciidocext/internal	153	0	0.0	1	0
github.com/neohugo/neohugo/markup/blackfriday	10	0	0.0	1	0
github.com/neohugo/neohugo/markup/converter	7	4	57.1	1	1
github.com/neohugo/neohugo/markup/goldmark	500	359	71.8	4	4
github.com/neohugo/neohugo/markup/goldmark/blockquotes	78	45	57.7	1	1
github.com/neohugo/neohugo/markup/goldmark/codeblocks	84	5	6.0	1	1
github.com/neohugo/neohugo/markup/goldmark/goldmark_config	8	6	75.0	1	1
github.com/neohugo/neohugo/markup/goldmark/hugocontext	138	43	31.2	1	1
github.com/neohugo/neohugo/markup/goldmark/images	26	18	69.2	1	1
github.com/neohugo/neohugo/markup/goldmark/internal/extensions/attributes	65	29	44.6	1	1
github.com/neohugo/neohugo/markup/goldmark/internal/render	116	61	52.6	1	1
github.com/neohugo/neohugo/markup/goldmark/passthrough	87	0	0.0	1	0
github.com/neohugo/neohugo/markup/goldmark/tables	96	89	92.7	1	1
github.com/neohugo/neohugo/markup/highlight	287	44	15.3	2	2
github.com/neohugo/neohugo/markup/highlight/chromalexers	24	0	0.0	1	0
github.com/neohugo/neohugo/markup/internal	44	0	0.0	1	0
github.com/neohugo/neohugo/markup/internal/attributes	77	17	22.1	1	1
github.com/neohugo/neohugo/markup/markup_config	43	37	86.0	1	1
github.com/neohugo/neohugo/markup/org	20	1	5.0	1	1
github.com/neohugo/neohugo/markup/pandoc	23	1	4.3	1	1
github.com/neohugo/neohugo/markup/rst	52	1	1.9	1	1
github.com/neohugo/neohugo/markup/tableofcontents	95	78	82.1	1	1
github.com/neohugo/neohugo/media	284	210	73.9	2	2
github.com/neohugo/neohugo/metrics	172	0	0.0	1	0
github.com/neohugo/neohugo/minifiers	134	120	89.6	2	2
github.com/neohugo/neohugo/modules	965	252	26.1	4	4
github.com/neohugo/neohugo/modules/npm	126	0	0.0	1	0
github.com/neohugo/neohugo/navigation	246	56	22.8	3	2
github.com/neohugo/neohugo/output	115	28	24.3	3	3
github.com/neohugo/neohugo/parser	86	0	0.0	2	0
github.com/neohugo/neohugo/parser/metadecoders	217	61	28.1	2	2
github.com/neohugo/neohugo/parser/pageparser	663	304	45.9	6	5
github.com/neohugo/neohugo/publisher	369	313	84.8	2	2
github.com/neohugo/neohugo/related	250	165	66.0	1	1
github.com/neohugo/neohugo/releaser	145	0	0.0	1	0
github.com/neohugo/neohugo/resources	1161	714	61.5	8	7
github.com/neohugo/neohugo/resources/images	779	215	27.6	14	5
github.com/neohugo/neohugo/resources/images/exif	171	75	43.9	1	1
github.com/neohugo/neohugo/resources/images/webp	2	1	50.0	1	1
github.com/neohugo/neohugo/resources/internal	42	35	83.3	2	2
github.com/neohugo/neohugo/resources/jsconfig	36	8	22.2	1	1
github.com/neohugo/neohugo/resources/kinds	20	19	95.0	1	1
github.com/neohugo/neohugo/resources/page	2147	677	31.5	22	17
github.com/neohugo/neohugo/resources/page/pagemeta	376	181	48.1	2	2
github.com/neohugo/neohugo/resources/page/siteidentities	3	0	0.0	1	0
github.com/neohugo/neohugo/resources/postpub	82	15	18.3	2	1
github.com/neohugo/neohugo/resources/resource	194	26	13.4	5	3
github.com/neohugo/neohugo/resources/resource_factories/bundler	72	49	68.1	1	1
github.com/neohugo/neohugo/resources/resource_factories/create	331	149	45.0	2	2
github.com/neohugo/neohugo/resources/resource_transformers/babel	128	1	0.8	1	1
github.com/neohugo/neohugo/resources/resource_transformers/cssjs	423	103	24.3	3	3
github.com/neohugo/neohugo/resources/resource_transformers/integrity	31	22	71.0	1	1
github.com/neohugo/neohugo/resources/resource_transformers/js	64	50	78.1	2	2
github.com/neohugo/neohugo/resources/resource_transformers/minifier	8	7	87.5	1	1
github.com/neohugo/neohugo/resources/resource_transformers/templates	14	11	78.6	1	1
github.com/neohugo/neohugo/resources/resource_transformers/tocss/dartsass	148	0	0.0	2	0
github.com/neohugo/neohugo/resources/resource_transformers/tocss/sass	34	2	5.9	1	1
github.com/neohugo/neohugo/resources/resource_transformers/tocss/scss	176	134	76.1	3	3
github.com/neohugo/neohugo/source	60	32	53.3	2	2
github.com/neohugo/neohugo/tpl	42	27	64.3	1	1
github.com/neohugo/neohugo/tpl/cast	59	26	44.1	3	3
github.com/neohugo/neohugo/tpl/collections	1884	960	51.0	12	6
github.com/neohugo/neohugo/tpl/compare	278	211	75.9	2	2
github.com/neohugo/neohugo/tpl/crypto	84	33	39.3	2	2
github.com/neohugo/neohugo/tpl/css	78	43	55.1	1	1
github.com/neohugo/neohugo/tpl/data	182	14	7.7	3	2
github.com/neohugo/neohugo/tpl/debug	77	15	19.5	2	2
github.com/neohugo/neohugo/tpl/diagrams	20	8	40.0	2	1
github.com/neohugo/neohugo/tpl/encoding	65	45	69.2	2	2
github.com/neohugo/neohugo/tpl/fmt	95	70	73.7	2	2
github.com/neohugo/neohugo/tpl/hash	27	17	63.0	1	1
github.com/neohugo/neohugo/tpl/hugo	10	9	90.0	1	1
github.com/neohugo/neohugo/tpl/images	96	24	25.0	2	2
github.com/neohugo/neohugo/tpl/inflect	43	33	76.7	2	2
github.com/neohugo/neohugo/tpl/internal	169	18	10.7	1	1
github.com/neohugo/neohugo/tpl/internal/go_templates/fmtsort	53	13	24.5	1	1
github.com/neohugo/neohugo/tpl/internal/go_templates/htmltemplate	1353	836	61.8	18	13
github.com/neohugo/neohugo/tpl/internal/go_templates/texttemplate	1198	487	40.7	6	5
github.com/neohugo/neohugo/tpl/internal/go_templates/texttemplate/parse	958	633	66.1	3	3
github.com/neohugo/neohugo/tpl/internal/resourcehelpers	25	14	56.0	1	1
github.com/neohugo/neohugo/tpl/js	47	25	53.2	2	2
github.com/neohugo/neohugo/tpl/lang	185	66	35.7	2	2
github.com/neohugo/neohugo/tpl/math	950	801	84.3	3	2
github.com/neohugo/neohugo/tpl/openapi/openapi3	41	12	29.3	2	2
github.com/neohugo/neohugo/tpl/os	88	41	46.6	2	2
github.com/neohugo/neohugo/tpl/page	8	7	87.5	1	1
github.com/neohugo/neohugo/tpl/partials	112	56	50.0	2	2
github.com/neohugo/neohugo/tpl/path	77	32	41.6	2	2
github.com/neohugo/neohugo/tpl/reflect	19	18	94.7	2	2
github.com/neohugo/neohugo/tpl/resources	154	91	59.1	2	2
github.com/neohugo/neohugo/tpl/safe	71	66	93.0	2	2
github.com/neohugo/neohugo/tpl/site	6	6	100.0	1	1
github.com/neohugo/neohugo/tpl/strings	1161	810	69.8	4	2
github.com/neohugo/neohugo/tpl/templates	50	27	54.0	2	2
github.com/neohugo/neohugo/tpl/time	85	51	60.0	2	2
github.com/neohugo/neohugo/tpl/tplimpl	1651	1184	71.7	8	5
github.com/neohugo/neohugo/tpl/tplimplinit	26	23	88.5	1	1
github.com/neohugo/neohugo/tpl/transform	397	146	36.8	4	3
github.com/neohugo/neohugo/tpl/urls	165	98	59.4	2	2
github.com/neohugo/neohugo/transform	46	30	65.2	1	1
github.com/neohugo/neohugo/transform/livereloadinject	61	0	0.0	1	0
github.com/neohugo/neohugo/transform/metainject	19	0	0.0	1	0
github.com/neohugo/neohugo/transform/urlreplacers	120	108	90.0	2	2
github.com/neohugo/neohugo/watcher	45	0	0.0	1	0
github.com/neohugo/neohugo/watcher/filenotify	163	0	0.0	3	0
github.com/pelletier/go-toml/v2	1923	412	21.4	6	3
github.com/pelletier/go-toml/v2/internal/characters	75	37	49.3	2	2
github.com/pelletier/go-toml/v2/internal/danger	38	17	44.7	2	1
github.com/pelletier/go-toml/v2/internal/tracker	221	160	72.4	2	1
github.com/pelletier/go-toml/v2/unstable	918	465	50.7	5	4
github.com/rogpeppe/go-internal/diff	123	0	0.0	1	0
github.com/rogpeppe/go-internal/fmtsort	92	0	0.0	2	0
github.com/rogpeppe/go-internal/lockedfile	100	38	38.0	3	3
github.com/rogpeppe/go-internal/lockedfile/internal/filelock	22	9	40.9	2	2
github.com/spf13/afero	1541	84	5.5	14	5
github.com/spf13/cast	685	137	20.0	9	9
github.com/spf13/cast/internal	14	4	28.6	2	1
github.com/spf13/fsync	166	90	54.2	1	1
github.com/tdewolff/minify/v2	484	195	40.3	2	2
github.com/tdewolff/minify/v2/css	982	503	51.2	3	3
github.com/tdewolff/minify/v2/html	438	333	76.0	3	3
github.com/tdewolff/minify/v2/js	2117	478	22.6	4	4
github.com/tdewolff/minify/v2/json	40	34	85.0	1	1
github.com/tdewolff/minify/v2/svg	610	371	60.8	4	4
github.com/tdewolff/minify/v2/xml	156	134	85.9	2	2
github.com/tdewolff/parse/v2	835	229	27.4	7	3
github.com/tdewolff/parse/v2/buffer	185	10	5.4	4	2
github.com/tdewolff/parse/v2/css	691	411	59.5	4	4
github.com/tdewolff/parse/v2/html	412	232	56.3	3	3
github.com/tdewolff/parse/v2/js	3508	692	19.7	7	5
github.com/tdewolff/parse/v2/json	163	103	63.2	1	1
github.com/tdewolff/parse/v2/strconv	420	44	10.5	4	2
github.com/tdewolff/parse/v2/xml	243	167	68.7	2	2
github.com/yuin/goldmark	28	18	64.3	1	1
github.com/yuin/goldmark-emoji	84	8	9.5	1	1
github.com/yuin/goldmark-emoji/ast	6	0	0.0	1	0
github.com/yuin/goldmark-emoji/definition	73	0	0.0	2	0
github.com/yuin/goldmark/ast	405	176	43.5	3	3
github.com/yuin/goldmark/extension	1008	364	36.1	9	8
github.com/yuin/goldmark/extension/ast	74	13	17.6	5	1
github.com/yuin/goldmark/parser	1958	1171	59.8	19	18
github.com/yuin/goldmark/renderer	46	43	93.5	1	1
github.com/yuin/goldmark/renderer/html	443	186	42.0	1	1
github.com/yuin/goldmark/text	398	254	63.8	2	2
github.com/yuin/goldmark/util	581	338	58.2	5	4
golang.org/x/image/bmp	276	1	0.4	2	1
golang.org/x/image/ccitt	351	0	0.0	2	0
golang.org/x/image/draw	7498	0	0.0	3	0
golang.org/x/image/font	74	0	0.0	1	0
golang.org/x/image/font/opentype	93	0	0.0	1	0
golang.org/x/image/font/sfnt	2216	0	0.0	5	0
golang.org/x/image/math/fixed	136	0	0.0	1	0
golang.org/x/image/riff	78	0	0.0	1	0
golang.org/x/image/tiff	770	2	0.3	5	1
golang.org/x/image/tiff/lzw	105	0	0.0	1	0
golang.org/x/image/vector	512	0	0.0	4	0
golang.org/x/image/vp8	1045	0	0.0	9	0
golang.org/x/image/vp8l	625	0	0.0	3	0
golang.org/x/image/webp	119	1	0.8	1	1
gopkg.in/yaml.v2	4209	1236	29.4	13	8
hash/crc32	109	42	38.5	3	3
html/template	1347	30	2.2	17	2
image	749	126	16.8	5	5
image/color	258	54	20.9	2	2
image/draw	918	81	8.8	1	1
image/gif	489	1	0.2	2	1
image/internal/imageutil	159	0	0.0	1	0
image/jpeg	2800	2483	88.7	5	5
image/png	1009	491	48.7	3	3
net/url	555	196	35.3	1	1
path	186	103	55.4	2	2
path/filepath	398	78	19.6	5	3
sort	633	458	72.4	5	5
strconv	305	125	41.0	3	3
strings	1050	601	57.2	8	5
text/template	999	119	11.9	5	3
text/template/parse	985	318	32.3	3	3
time	2378	998	42.0	10	9
unicode/utf8	237	135	57.0	1	1
