package	funcs	func_lines	executed_funcs	executed_func_lines
.	27	234	1	7
./bufferpool	2	7	2	7
./cache/dynacache	28	481	16	290
./cache/filecache	37	600	22	326
./cache/httpcache	8	128	4	96
./codegen	23	434	0	0
./commands	179	4640	88	2164
./common/collections	15	233	4	140
./common/constants	2	6	0	0
./common/hashing	15	109	12	88
./common/hcontext	3	15	3	15
./common/herrors	50	521	4	43
./common/hexec	15	212	8	172
./common/hreflect	17	198	11	137
./common/hstrings	11	66	0	0
./common/htime	6	79	4	70
./common/hugio	18	198	9	94
./common/loggers	56	460	28	239
./common/maps	70	788	43	476
./common/math	1	111	1	111
./common/neohugo	51	455	10	159
./common/para	3	26	3	26
./common/paths	115	1069	78	728
./common/predicate	5	50	3	36
./common/rungroup	3	48	3	48
./common/tasks	6	89	0	0
./common/terminal	8	29	2	10
./common/text	9	93	2	46
./common/types	25	216	5	61
./common/types/hstring	2	6	2	6
./common/urls	9	66	4	28
./compare	5	108	4	97
./config	55	843	38	609
./config/allconfig	84	1411	64	1322
./config/privacy	1	11	1	11
./config/security	15	184	7	118
./config/services	1	23	1	23
./config/testconfig	4	52	0	0
./create	8	316	0	0
./create/skeletons	5	141	0	0
./deploy	21	654	0	0
./deploy/deployconfig	3	61	1	42
./deps	17	264	13	233
./docshelper	2	20	1	3
./helpers	67	1012	33	550
./htesting	15	109	1	8
./htesting/hqt	7	91	0	0
./hugofs	182	2016	78	1370
./hugofs/files	5	25	3	19
./hugofs/glob	18	230	5	121
./hugolib	581	11764	276	7640
./hugolib/doctree	86	677	46	410
./hugolib/filesystems	29	620	16	421
./hugolib/pagesfromdata	19	194	0	0
./hugolib/paths	8	77	5	59
./hugolib/segments	8	174	4	92
./identity	57	591	2	8
./internal/js/esbuild	83	1815	12	662
./internal/warpc	18	393	2	30
./internal/warpc/gen	2	36	0	0
./langs	15	112	13	101
./langs/i18n	11	238	9	224
./lazy	18	175	13	134
./livereload	12	91	0	0
./livereload/gen	2	43	0	0
./markup	7	92	5	85
./markup/asciidocext	2	18	1	8
./markup/asciidocext/internal	11	227	0	0
./markup/blackfriday	1	17	0	0
./markup/converter	7	24	4	15
./markup/goldmark	55	866	38	683
./markup/goldmark/blockquotes	12	125	7	110
./markup/goldmark/codeblocks	9	123	4	15
./markup/goldmark/goldmark_config	2	16	2	16
./markup/goldmark/hugocontext	18	226	10	153
./markup/goldmark/images	3	46	3	46
./markup/goldmark/internal/extensions/attributes	14	150	6	108
./markup/goldmark/internal/render	25	216	15	139
./markup/goldmark/passthrough	7	115	0	0
./markup/goldmark/tables	10	125	10	125
./markup/highlight	31	450	6	103
./markup/highlight/chromalexers	1	17	0	0
./markup/internal	3	55	0	0
./markup/internal/attributes	9	137	3	75
./markup/markup_config	3	61	3	61
./markup/org	3	35	1	8
./markup/pandoc	6	45	1	8
./markup/rst	6	82	1	8
./markup/tableofcontents	14	162	13	150
./media	37	454	29	392
./metrics	12	195	0	0
./minifiers	7	125	6	121
./modules	70	1609	36	755
./modules/npm	6	184	0	0
./navigation	33	387	8	67
./output	14	215	8	96
./output/layouts	11	249	0	0
./parser	6	162	0	0
./parser/metadecoders	15	360	7	198
./parser/pageparser	92	1137	65	760
./publisher	23	522	21	487
./related	23	398	17	366
./releaser	10	178	0	0
./resources	159	1784	89	1252
./resources/images	99	1330	30	587
./resources/images/exif	13	286	8	177
./resources/images/imagetesting	2	124	0	0
./resources/images/webp	2	6	1	3
./resources/internal	9	68	8	65
./resources/jsconfig	4	45	2	24
./resources/kinds	5	41	5	41
./resources/page	431	3517	113	1425
./resources/page/page_generate	3	64	0	0
./resources/page/pagemeta	36	634	22	467
./resources/page/siteidentities	1	7	0	0
./resources/postpub	18	145	4	50
./resources/resource	29	370	4	64
./resources/resource_factories/bundler	7	124	6	112
./resources/resource_factories/create	24	582	13	385
./resources/resource_transformers/babel	6	167	1	3
./resources/resource_transformers/cssjs	18	421	8	155
./resources/resource_transformers/htesting	1	19	0	0
./resources/resource_transformers/integrity	7	65	7	65
./resources/resource_transformers/js	5	82	5	82
./resources/resource_transformers/minifier	4	20	4	20
./resources/resource_transformers/templates	4	30	4	30
./resources/resource_transformers/tocss/dartsass	10	238	0	0
./resources/resource_transformers/tocss/sass	2	60	1	41
./resources/resource_transformers/tocss/scss	9	220	7	214
./scripts/fork_go_templates	10	126	0	0
./source	23	117	15	86
./tpl	4	58	2	41
./tpl/cast	8	91	3	60
./tpl/collections	67	2090	22	1025
./tpl/compare	16	387	14	372
./tpl/crypto	7	136	2	46
./tpl/css	7	140	3	108
./tpl/data	14	250	2	31
./tpl/debug	10	132	2	84
./tpl/diagrams	6	44	1	16
./tpl/encoding	5	104	3	87
./tpl/fmt	12	122	4	80
./tpl/hash	4	48	2	31
./tpl/hugo	1	19	1	19
./tpl/images	5	160	3	50
./tpl/inflect	5	76	3	60
./tpl/internal	8	215	3	40
./tpl/internal/go_templates/fmtsort	3	95	2	83
./tpl/internal/go_templates/htmltemplate	156	2712	98	2127
./tpl/internal/go_templates/testenv	41	396	0	0
./tpl/internal/go_templates/texttemplate	130	2119	70	1219
./tpl/internal/go_templates/texttemplate/parse	207	1680	127	1284
./tpl/internal/resourcehelpers	2	41	2	41
./tpl/js	5	90	3	58
./tpl/lang	10	245	3	82
./tpl/math	36	497	6	230
./tpl/openapi/openapi3	4	72	2	25
./tpl/os	8	149	2	61
./tpl/page	1	20	1	20
./tpl/partials	10	198	6	127
./tpl/path	9	116	3	48
./tpl/reflect	4	37	3	34
./tpl/resources	17	260	9	200
./tpl/safe	8	87	6	79
./tpl/site	1	15	1	15
./tpl/strings	32	844	6	275
./tpl/templates	6	85	2	39
./tpl/time	8	145	4	97
./tpl/tplimpl	110	2559	75	2198
./tpl/tplimplinit	1	37	1	37
./tpl/transform	20	567	4	247
./tpl/urls	15	251	8	159
./transform	5	61	4	58
./transform/livereloadinject	1	33	0	0
./transform/metainject	1	25	0	0
./transform/urlreplacers	14	210	14	210
./watcher	3	48	0	0
./watcher/filenotify	19	266	0	0
TOTAL	4908	74567	2239	41639
