file	file_lines	executed_func_lines
bufferpool/bufpool.go	38	7
cache/dynacache/dynacache.go	647	290
cache/filecache/filecache.go	499	200
cache/filecache/filecache_config.go	247	126
cache/filecache/filecache_pruner.go	137	0
cache/httpcache/httpcache.go	229	96
codegen/methods.go	542	0
commands/commandeer.go	679	435
commands/commands.go	73	34
commands/config.go	239	41
commands/convert.go	229	64
commands/deploy.go	49	25
commands/deploy_flags.go	33	13
commands/env.go	70	45
commands/gen.go	303	244
commands/helpers.go	122	72
commands/hugo_windows.go	33	0
commands/hugobuilder.go	1157	398
commands/import.go	618	42
commands/list.go	214	166
commands/mod.go	345	284
commands/new.go	227	157
commands/release.go	53	28
commands/server.go	1258	116
common/collections/append.go	152	98
common/collections/slice.go	95	39
common/collections/stack.go	82	3
common/constants/constants.go	49	0
common/hashing/hashing.go	194	88
common/hcontext/context.go	46	15
common/herrors/error_locator.go	170	0
common/herrors/errors.go	187	15
common/herrors/file_error.go	430	0
common/herrors/line_number_extractors.go	63	28
common/hexec/exec.go	389	172
common/hreflect/helpers.go	295	137
common/hstrings/strings.go	134	0
common/htime/time.go	177	70
common/hugio/copy.go	92	0
common/hugio/hasBytesWriter.go	80	46
common/hugio/readers.go	106	19
common/hugio/writers.go	113	29
common/loggers/handlerdefault.go	106	0
common/loggers/handlersmisc.go	145	27
common/loggers/handlerterminal.go	100	11
common/loggers/logger.go	385	172
common/loggers/loggerglobal.go	62	29
common/maps/cache.go	195	64
common/maps/maps.go	236	116
common/maps/ordered.go	144	13
common/maps/params.go	384	221
common/maps/scratch.go	160	62
common/math/math.go	133	111
common/neohugo/neohugo.go	460	113
common/neohugo/version.go	299	46
common/para/para.go	73	26
common/paths/path.go	430	163
common/paths/pathparser.go	787	526
common/paths/type_string.go	32	0
common/paths/url.go	273	39
common/predicate/predicate.go	78	36
common/rungroup/rungroup.go	93	48
common/tasks/tasks.go	150	0
common/terminal/colors.go	74	10
common/text/position.go	100	46
common/text/transform.go	78	0
common/types/closer.go	54	11
common/types/convert.go	129	34
common/types/evictingqueue.go	114	0
common/types/hstring/stringtypes.go	36	6
common/types/types.go	145	16
common/urls/baseURL.go	112	28
compare/compare.go	67	11
compare/compare_strings.go	113	86
config/allconfig/allconfig.go	1217	720
config/allconfig/alldecoders.go	469	15
config/allconfig/configlanguage.go	261	139
config/allconfig/docshelper.go	48	26
config/allconfig/load.go	544	422
config/commonConfig.go	512	183
config/configLoader.go	231	126
config/configProvider.go	112	0
config/defaultConfigProvider.go	366	229
config/env.go	93	44
config/namespace.go	75	27
config/privacy/privacyConfig.go	124	11
config/security/securityConfig.go	230	57
config/security/whitelist.go	116	61
config/services/servicesConfig.go	110	23
config/testconfig/testconfig.go	83	0
create/content.go	402	0
create/skeletons/skeletons.go	182	0
deploy/cloudfront.go	70	0
deploy/deploy.go	780	0
deploy/deployconfig/deployConfig.go	181	42
deploy/google.go	37	0
deps/deps.go	498	233
docshelper/docs.go	47	3
helpers/content.go	186	70
helpers/docshelper.go	41	30
helpers/emoji.go	86	0
helpers/general.go	321	90
helpers/path.go	428	120
helpers/pathspec.go	78	33
helpers/processing_stats.go	116	62
helpers/url.go	189	145
htesting/hqt/checkers.go	167	0
htesting/test_helpers.go	186	8
hugofs/component_fs.go	272	176
hugofs/createcounting_fs.go	105	0
hugofs/decorators.go	154	106
hugofs/fileinfo.go	390	151
hugofs/filename_filter_fs.go	172	0
hugofs/files/classifier.go	93	19
hugofs/fs.go	253	106
hugofs/glob.go	90	0
hugofs/glob/filename_filter.go	182	121
hugofs/glob/glob.go	175	0
hugofs/hasbytes_fs.go	102	49
hugofs/hashing_fs.go	95	0
hugofs/noop_fs.go	129	0
hugofs/openfiles_fs.go	110	0
hugofs/rootmapping_fs.go	854	644
hugofs/stacktracer_fs.go	77	0
hugofs/walk.go	225	138
hugolib/alias.go	183	134
hugolib/codeowners.go	67	0
hugolib/collections.go	46	3
hugolib/config.go	184	0
hugolib/content_factory.go	172	0
hugolib/content_map.go	493	159
hugolib/content_map_page.go	2209	1321
hugolib/doctree/dimensions.go	43	9
hugolib/doctree/nodeshifttree.go	452	174
hugolib/doctree/simpletree.go	244	105
hugolib/doctree/support.go	247	96
hugolib/doctree/treeshifttree.go	124	26
hugolib/fileInfo.go	51	0
hugolib/filesystems/basefs.go	852	421
hugolib/gitinfo.go	66	0
hugolib/hugo_sites.go	616	311
hugolib/hugo_sites_build.go	1260	608
hugolib/integrationtest_builder.go	971	0
hugolib/page.go	785	382
hugolib/page__common.go	113	6
hugolib/page__content.go	1191	848
hugolib/page__data.go	63	33
hugolib/page__menus.go	91	0
hugolib/page__meta.go	948	780
hugolib/page__new.go	265	228
hugolib/page__output.go	149	70
hugolib/page__paginator.go	112	76
hugolib/page__paths.go	181	146
hugolib/page__per_output.go	499	264
hugolib/page__position.go	86	6
hugolib/page__ref.go	114	49
hugolib/page__tree.go	203	42
hugolib/page_unwrap.go	53	16
hugolib/pagecollections.go	256	176
hugolib/pages_capture.go	425	361
hugolib/pagesfromdata/pagesfromgotmpl.go	335	0
hugolib/paths/paths.go	133	59
hugolib/prune_resources.go	19	0
hugolib/segments/segments.go	257	92
hugolib/shortcode.go	794	462
hugolib/shortcode_page.go	131	28
hugolib/site.go	1613	857
hugolib/site_output.go	109	0
hugolib/site_render.go	367	270
hugolib/site_sections.go	30	4
identity/finder.go	337	0
identity/identity.go	521	8
identity/predicate_identity.go	78	0
identity/question.go	57	0
internal/js/esbuild/batch.go	1444	27
internal/js/esbuild/build.go	236	194
internal/js/esbuild/options.go	411	195
internal/js/esbuild/resolve.go	323	236
internal/js/esbuild/sourcemap.go	80	10
internal/warpc/gen/main.go	68	0
internal/warpc/warpc.go	589	30
langs/config.go	58	12
langs/i18n/i18n.go	205	146
langs/i18n/translationProvider.go	139	78
langs/language.go	189	89
lazy/init.go	209	101
lazy/once.go	68	33
livereload/connection.go	66	0
livereload/gen/main.go	61	0
livereload/hub.go	56	0
livereload/livereload.go	153	0
magefile.go	312	0
main.go	29	7
markup/asciidocext/convert.go	49	8
markup/asciidocext/internal/converter.go	275	0
markup/blackfriday/anchors.go	39	0
markup/converter/converter.go	158	15
markup/goldmark/autoid.go	160	94
markup/goldmark/blockquotes/blockquotes.go	196	110
markup/goldmark/codeblocks/render.go	179	15
markup/goldmark/convert.go	327	226
markup/goldmark/goldmark_config/config.go	309	16
markup/goldmark/hugocontext/hugocontext.go	317	153
markup/goldmark/images/transform.go	76	46
markup/goldmark/internal/extensions/attributes/attributes.go	204	108
markup/goldmark/internal/render/context.go	327	139
markup/goldmark/passthrough/passthrough.go	166	0
markup/goldmark/render_hooks.go	552	269
markup/goldmark/tables/tables.go	175	125
markup/goldmark/toc.go	141	94
markup/highlight/chromalexers/chromalexers.go	50	0
markup/highlight/config.go	296	93
markup/highlight/highlight.go	360	10
markup/internal/attributes/attributes.go	225	75
markup/internal/external.go	72	0
markup/markup.go	152	85
markup/markup_config/config.go	117	61
markup/org/convert.go	74	8
markup/pandoc/convert.go	89	8
markup/rst/convert.go	131	8
markup/tableofcontents/tableofcontents.go	277	150
media/config.go	277	162
media/mediaType.go	401	230
metrics/metrics.go	292	0
minifiers/config.go	134	54
minifiers/minifiers.go	131	67
modules/client.go	873	154
modules/collect.go	755	320
modules/config.go	412	208
modules/module.go	180	73
modules/npm/package_builder.go	248	0
navigation/menu.go	318	64
navigation/menu_cache.go	102	3
navigation/pagemenus.go	225	0
output/config.go	144	53
output/docshelper.go	23	13
output/layouts/layout.go	336	0
output/outputFormat.go	364	30
parser/frontmatter.go	117	0
parser/lowercase_camel_json.go	132	0
parser/metadecoders/decoder.go	375	167
parser/metadecoders/format.go	114	31
parser/pageparser/item.go	221	95
parser/pageparser/itemtype_string.go	42	0
parser/pageparser/pagelexer.go	530	292
parser/pageparser/pagelexer_intro.go	161	64
parser/pageparser/pagelexer_shortcode.go	366	243
parser/pageparser/pageparser.go	261	66
publisher/htmlElementsCollector.go	556	392
publisher/publisher.go	190	95
related/inverted_index.go	632	366
releaser/releaser.go	239	0
resources/image.go	480	203
resources/image_cache.go	125	89
resources/images/auto_orient.go	62	0
resources/images/color.go	202	38
resources/images/config.go	490	219
resources/images/dither.go	71	0
resources/images/exif/exif.go	366	177
resources/images/filters.go	404	12
resources/images/image.go	475	306
resources/images/imagetesting/testing.go	235	0
resources/images/mask.go	63	0
resources/images/opacity.go	39	0
resources/images/overlay.go	43	12
resources/images/padding.go	50	0
resources/images/process.go	43	0
resources/images/resampling.go	214	0
resources/images/smartcrop.go	104	0
resources/images/text.go	150	0
resources/images/webp/webp.go	33	3
resources/internal/key.go	42	10
resources/internal/resourcepaths.go	107	55
resources/jsconfig/jsconfig.go	92	24
resources/kinds/kinds.go	119	41
resources/page/page.go	574	61
resources/page/page_data.go	42	15
resources/page/page_generate/generate_page_wrappers.go	114	0
resources/page/page_lazy_contentprovider.go	181	38
resources/page/page_markup.go	362	151
resources/page/page_marshaljson.autogen.go	101	0
resources/page/page_matcher.go	238	57
resources/page/page_nop.go	592	0
resources/page/page_outputformat.go	95	34
resources/page/page_paths.go	462	332
resources/page/pagegroup.go	461	29
resources/page/pagemeta/page_frontmatter.go	864	431
resources/page/pagemeta/pagemeta.go	103	36
resources/page/pages.go	140	39
resources/page/pages_cache.go	136	91
resources/page/pages_language_merge.go	63	0
resources/page/pages_prev_next.go	34	0
resources/page/pages_related.go	244	128
resources/page/pages_sort.go	431	53
resources/page/pages_sort_search.go	125	0
resources/page/pagination.go	417	147
resources/page/permalinks.go	480	190
resources/page/site.go	470	45
resources/page/siteidentities/identities.go	34	0
resources/page/taxonomy.go	177	3
resources/page/weighted.go	138	12
resources/post_publish.go	51	26
resources/postpub/fields.go	59	0
resources/postpub/postpub.go	182	50
resources/resource.go	733	315
resources/resource/dates.go	58	0
resources/resource/params.go	33	12
resources/resource/resource_helpers.go	76	0
resources/resource/resources.go	408	43
resources/resource/resourcetypes.go	306	9
resources/resource_cache.go	149	70
resources/resource_factories/bundler/bundler.go	171	112
resources/resource_factories/create/create.go	304	94
resources/resource_factories/create/remote.go	469	291
resources/resource_metadata.go	224	0
resources/resource_spec.go	231	128
resources/resource_transformers/babel/babel.go	242	3
resources/resource_transformers/cssjs/inline_imports.go	247	10
resources/resource_transformers/cssjs/postcss.go	239	142
resources/resource_transformers/cssjs/tailwindcss.go	167	3
resources/resource_transformers/htesting/testhelpers.go	43	0
resources/resource_transformers/integrity/integrity.go	124	65
resources/resource_transformers/js/build.go	82	46
resources/resource_transformers/js/transform.go	68	36
resources/resource_transformers/minifier/minify.go	59	20
resources/resource_transformers/templates/execute_as_template.go	75	30
resources/resource_transformers/tocss/dartsass/client.go	182	0
resources/resource_transformers/tocss/dartsass/transform.go	210	0
resources/resource_transformers/tocss/sass/helpers.go	102	41
resources/resource_transformers/tocss/scss/client.go	93	19
resources/resource_transformers/tocss/scss/client_extended.go	56	20
resources/resource_transformers/tocss/scss/tocss.go	214	175
resources/transform.go	771	421
scripts/fork_go_templates/main.go	232	0
source/fileInfo.go	157	36
source/sourceSpec.go	90	50
tpl/cast/cast.go	62	3
tpl/cast/docshelper.go	53	22
tpl/cast/init.go	59	35
tpl/collections/append.go	40	0
tpl/collections/apply.go	162	11
tpl/collections/collections.go	687	180
tpl/collections/complement.go	57	0
tpl/collections/index.go	144	95
tpl/collections/init.go	209	185
tpl/collections/merge.go	143	0
tpl/collections/querify.go	125	0
tpl/collections/reflect_helpers.go	216	0
tpl/collections/sort.go	197	148
tpl/collections/symdiff.go	66	0
tpl/collections/where.go	543	406
tpl/compare/compare.go	388	304
tpl/compare/init.go	93	68
tpl/crypto/crypto.go	139	3
tpl/crypto/init.go	67	43
tpl/css/css.go	192	108
tpl/data/data.go	209	8
tpl/data/init.go	47	23
tpl/data/resources.go	128	0
tpl/debug/debug.go	185	61
tpl/debug/init.go	47	23
tpl/diagrams/goat.go	68	0
tpl/diagrams/init.go	41	16
tpl/encoding/encoding.go	116	50
tpl/encoding/init.go	61	37
tpl/fmt/fmt.go	117	18
tpl/fmt/init.go	86	62
tpl/hash/hash.go	85	31
tpl/hugo/init.go	44	19
tpl/images/images.go	211	31
tpl/images/init.go	43	19
tpl/inflect/inflect.go	75	22
tpl/inflect/init.go	62	38
tpl/internal/go_templates/fmtsort/sort.go	154	83
tpl/internal/go_templates/htmltemplate/attr.go	175	36
tpl/internal/go_templates/htmltemplate/attr_string.go	28	0
tpl/internal/go_templates/htmltemplate/content.go	102	59
tpl/internal/go_templates/htmltemplate/context.go	292	49
tpl/internal/go_templates/htmltemplate/css.go	262	43
tpl/internal/go_templates/htmltemplate/delim_string.go	26	0
tpl/internal/go_templates/htmltemplate/element_string.go	27	6
tpl/internal/go_templates/htmltemplate/error.go	249	0
tpl/internal/go_templates/htmltemplate/escape.go	997	689
tpl/internal/go_templates/htmltemplate/html.go	270	132
tpl/internal/go_templates/htmltemplate/hugo_template.go	94	54
tpl/internal/go_templates/htmltemplate/js.go	490	277
tpl/internal/go_templates/htmltemplate/jsctx_string.go	25	0
tpl/internal/go_templates/htmltemplate/state_string.go	51	6
tpl/internal/go_templates/htmltemplate/template.go	531	158
tpl/internal/go_templates/htmltemplate/transition.go	688	467
tpl/internal/go_templates/htmltemplate/url.go	216	151
tpl/internal/go_templates/htmltemplate/urlpart_string.go	26	0
tpl/internal/go_templates/testenv/exec.go	242	0
tpl/internal/go_templates/testenv/noopt.go	12	0
tpl/internal/go_templates/testenv/opt.go	12	0
tpl/internal/go_templates/testenv/testenv.go	448	0
tpl/internal/go_templates/testenv/testenv_notunix.go	21	0
tpl/internal/go_templates/testenv/testenv_unix.go	43	0
tpl/internal/go_templates/texttemplate/exec.go	1135	579
tpl/internal/go_templates/texttemplate/funcs.go	785	174
tpl/internal/go_templates/texttemplate/helper.go	178	6
tpl/internal/go_templates/texttemplate/hugo_template.go	451	328
tpl/internal/go_templates/texttemplate/option.go	72	0
tpl/internal/go_templates/texttemplate/parse/lex.go	687	435
tpl/internal/go_templates/texttemplate/parse/node.go	1011	293
tpl/internal/go_templates/texttemplate/parse/parse.go	831	556
tpl/internal/go_templates/texttemplate/template.go	237	132
tpl/internal/resourcehelpers/helpers.go	69	41
tpl/internal/templatefuncsRegistry.go	325	40
tpl/js/init.go	46	22
tpl/js/js.go	117	36
tpl/lang/init.go	84	59
tpl/lang/lang.go	259	23
tpl/math/init.go	227	203
tpl/math/math.go	365	27
tpl/math/round.go	62	0
tpl/openapi/openapi3/init.go	43	19
tpl/openapi/openapi3/openapi3.go	100	6
tpl/os/init.go	64	40
tpl/os/os.go	163	21
tpl/page/init.go	49	20
tpl/partials/init.go	57	33
tpl/partials/partials.go	251	94
tpl/path/init.go	61	35
tpl/path/path.go	162	13
tpl/reflect/init.go	53	28
tpl/reflect/reflect.go	36	6
tpl/resources/init.go	82	56
tpl/resources/resources.go	330	144
tpl/safe/init.go	84	60
tpl/safe/safe.go	66	19
tpl/site/init.go	42	15
tpl/strings/init.go	249	225
tpl/strings/regexp.go	115	0
tpl/strings/strings.go	546	50
tpl/strings/truncate.go	158	0
tpl/template.go	189	41
tpl/templates/init.go	56	32
tpl/templates/templates.go	109	7
tpl/time/init.go	96	70
tpl/time/time.go	150	27
tpl/tplimpl/category_string.go	30	0
tpl/tplimpl/subcategory_string.go	25	0
tpl/tplimpl/template_funcs.go	175	90
tpl/tplimpl/template_info.go	46	0
tpl/tplimpl/templatedescriptor.go	238	181
tpl/tplimpl/templates.go	366	249
tpl/tplimpl/templatestore.go	2096	1402
tpl/tplimpl/templatetransform.go	352	276
tpl/tplimplinit/tplimplinit.go	96	37
tpl/transform/init.go	129	105
tpl/transform/remarshal.go	87	0
tpl/transform/transform.go	326	34
tpl/transform/unmarshal.go	201	108
tpl/urls/init.go	91	67
tpl/urls/urls.go	254	92
transform/chain.go	124	58
transform/livereloadinject/livereloadinject.go	71	0
transform/metainject/hugogenerator.go	56	0
transform/urlreplacers/absurl.go	36	12
transform/urlreplacers/absurlreplacer.go	274	198
watcher/batcher.go	85	0
watcher/filenotify/filenotify.go	49	0
watcher/filenotify/fsnotify.go	18	0
watcher/filenotify/poller.go	323	0
