package_dir	non_test_lines	executed_func_lines	statements	covered_statements	pct
.	341	7	4	3	75
./bufferpool	38	7	4	4	100
./cache	2	0	0	0	0
./cache/dynacache	647	290	284	162	57
./cache/filecache	883	326	472	167	35
./cache/httpcache	229	96	72	31	43
./codegen	542	0	0	0	0
./commands	5702	2164	3386	1139	34
./common	2	0	0	0	0
./common/collections	370	140	150	57	38
./common/constants	49	0	2	0	0
./common/hashing	194	88	68	50	74
./common/hcontext	46	15	6	6	100
./common/herrors	850	43	309	6	2
./common/hexec	389	172	147	88	60
./common/hreflect	295	137	103	54	52
./common/hstrings	134	0	33	0	0
./common/htime	177	70	44	25	57
./common/hugio	391	94	104	41	39
./common/loggers	798	239	255	89	35
./common/maps	1119	476	475	242	51
./common/math	133	111	72	18	25
./common/neohugo	782	159	268	92	34
./common/para	73	26	9	8	89
./common/paths	1522	728	614	391	64
./common/predicate	78	36	27	17	63
./common/rungroup	93	48	27	22	81
./common/tasks	150	0	60	0	0
./common/terminal	74	10	12	4	33
./common/text	178	46	61	19	31
./common/types	442	61	124	33	27
./common/types/css	20	0	0	0	0
./common/types/hstring	36	6	2	2	100
./common/urls	134	28	56	21	38
./compare	180	97	57	35	61
./config	1389	609	532	253	48
./config/allconfig	2539	1322	1081	792	73
./config/privacy	124	11	11	2	18
./config/security	346	118	104	41	39
./config/services	110	23	17	16	94
./config/testconfig	83	0	34	0	0
./create	402	0	227	0	0
./create/skeletons	182	0	76	0	0
./deploy	908	0	417	0	0
./deploy/deployconfig	181	42	38	5	13
./deps	498	233	147	118	80
./helpers	1445	550	710	275	39
./htesting	186	8	58	2	3
./htesting/hqt	167	0	0	0	0
./hugofs	3093	1370	1297	716	55
./hugofs/files	93	19	11	8	73
./hugofs/glob	357	121	173	21	12
./hugolib	14955	7640	7316	3402	47
./hugolib/doctree	1110	410	370	196	53
./hugolib/filesystems	852	421	463	297	64
./hugolib/pagesfromdata	335	0	115	0	0
./hugolib/paths	133	59	38	24	63
./hugolib/segments	257	92	110	25	23
./identity	993	8	374	4	1
./identity/identitytesting	5	0	0	0	0
./internal/js	51	0	0	0	0
./internal/js/esbuild	2509	662	1063	156	15
./internal/warpc	665	30	241	10	4
./internal/warpc/gen	68	0	0	0	0
./langs	247	101	57	43	75
./langs/i18n	344	224	161	97	60
./lazy	277	134	106	68	64
./livereload	275	0	67	0	0
./livereload/gen	61	0	0	0	0
./markup	152	85	66	51	77
./markup/asciidocext	49	8	8	1	12
./markup/asciidocext/asciidocext_config	79	0	0	0	0
./markup/asciidocext/internal	275	0	153	0	0
./markup/blackfriday	39	0	10	0	0
./markup/converter	158	15	7	4	57
./markup/converter/hooks	235	0	0	0	0
./markup/goldmark	1180	683	500	359	72
./markup/goldmark/blockquotes	196	110	78	45	58
./markup/goldmark/codeblocks	179	15	84	5	6
./markup/goldmark/goldmark_config	309	16	8	6	75
./markup/goldmark/hugocontext	317	153	138	43	31
./markup/goldmark/images	76	46	26	18	69
./markup/goldmark/internal/extensions/attributes	204	108	65	29	45
./markup/goldmark/internal/render	327	139	116	61	53
./markup/goldmark/passthrough	166	0	87	0	0
./markup/goldmark/tables	175	125	96	89	93
./markup/highlight	656	103	287	44	15
./markup/highlight/chromalexers	50	0	24	0	0
./markup/internal	72	0	44	0	0
./markup/internal/attributes	225	75	77	17	22
./markup/markup_config	117	61	43	37	86
./markup/org	74	8	20	1	5
./markup/pandoc	89	8	23	1	4
./markup/rst	131	8	52	1	2
./markup/tableofcontents	277	150	95	78	82
./media	847	392	284	210	74
./metrics	292	0	172	0	0
./minifiers	265	121	134	120	90
./modules	2220	755	965	252	26
./modules/npm	248	0	126	0	0
./navigation	645	67	246	56	23
./output	531	96	115	28	24
./output/layouts	336	0	0	0	0
./parser	249	0	86	0	0
./parser/metadecoders	489	198	217	61	28
./parser/pageparser	1599	760	663	304	46
./publisher	746	487	369	313	85
./related	632	366	250	165	66
./releaser	239	0	145	0	0
./resources	2779	1252	1161	714	61
./resources/images	2480	587	779	215	28
./resources/images/exif	366	177	171	75	44
./resources/images/imagetesting	235	0	0	0	0
./resources/images/webp	33	3	2	1	50
./resources/internal	149	65	42	35	83
./resources/jsconfig	92	24	36	8	22
./resources/kinds	119	41	20	19	95
./resources/page	6056	1425	2147	677	32
./resources/page/page_generate	114	0	0	0	0
./resources/page/pagemeta	967	467	376	181	48
./resources/page/siteidentities	34	0	3	0	0
./resources/postpub	241	50	82	15	18
./resources/resource	881	64	194	26	13
./resources/resource_factories/bundler	171	112	72	49	68
./resources/resource_factories/create	773	385	331	149	45
./resources/resource_transformers/babel	242	3	128	1	1
./resources/resource_transformers/cssjs	653	155	423	103	24
./resources/resource_transformers/htesting	43	0	0	0	0
./resources/resource_transformers/integrity	124	65	31	22	71
./resources/resource_transformers/js	150	82	64	50	78
./resources/resource_transformers/minifier	59	20	8	7	88
./resources/resource_transformers/templates	75	30	14	11	79
./resources/resource_transformers/tocss/dartsass	392	0	148	0	0
./resources/resource_transformers/tocss/sass	102	41	34	2	6
./resources/resource_transformers/tocss/scss	363	214	176	134	76
./scripts/fork_go_templates	232	0	0	0	0
./source	247	86	60	32	53
./tpl	189	41	42	27	64
./tpl/cast	174	60	59	26	44
./tpl/collections	2589	1025	1884	960	51
./tpl/compare	481	372	278	211	76
./tpl/crypto	206	46	84	33	39
./tpl/css	192	108	78	43	55
./tpl/data	384	31	182	14	8
./tpl/debug	232	84	77	15	19
./tpl/diagrams	142	16	20	8	40
./tpl/encoding	177	87	65	45	69
./tpl/fmt	203	80	95	70	74
./tpl/hash	85	31	27	17	63
./tpl/hugo	44	19	10	9	90
./tpl/images	254	50	96	24	25
./tpl/inflect	137	60	43	33	77
./tpl/internal	325	40	169	18	11
./tpl/internal/go_templates/cfg	74	0	0	0	0
./tpl/internal/go_templates/fmtsort	154	83	53	13	25
./tpl/internal/go_templates/htmltemplate	4789	2127	1353	836	62
./tpl/internal/go_templates/testenv	857	0	0	0	0
./tpl/internal/go_templates/texttemplate	3355	1219	1198	487	41
./tpl/internal/go_templates/texttemplate/parse	2529	1284	958	633	66
./tpl/internal/resourcehelpers	69	41	25	14	56
./tpl/js	163	58	47	25	53
./tpl/lang	343	82	185	66	36
./tpl/math	654	230	950	801	84
./tpl/openapi	2	0	0	0	0
./tpl/openapi/openapi3	143	25	41	12	29
./tpl/os	227	61	88	41	47
./tpl/page	49	20	8	7	88
./tpl/partials	308	127	112	56	50
./tpl/path	223	48	77	32	42
./tpl/reflect	89	34	19	18	95
./tpl/resources	412	200	154	91	59
./tpl/safe	150	79	71	66	93
./tpl/site	42	15	6	6	100
./tpl/strings	1068	275	1161	810	70
./tpl/templates	165	39	50	27	54
./tpl/time	246	97	85	51	60
./tpl/tplimpl	3458	2198	1651	1184	72
./tpl/tplimplinit	96	37	26	23	88
./tpl/transform	743	247	397	146	37
./tpl/urls	345	159	165	98	59
./transform	124	58	46	30	65
./transform/livereloadinject	71	0	61	0	0
./transform/metainject	56	0	19	0	0
./transform/urlreplacers	310	210	120	108	90
./watcher	85	0	45	0	0
./watcher/filenotify	390	0	163	0	0
